Feature,Coefficients
sepal length (cm),0.43107697589783756
sepal width (cm),-0.8457084716493454
petal length (cm),2.156580063649756
petal width (cm),0.8894081828906458
