Feature,Odds_Ratio
sepal length (cm),1.5389140046849326
sepal width (cm),0.4292531367795336
petal length (cm),8.64153357048962
petal width (cm),2.4336889262636565
