index,hour,cnt
0,0,53.89807163
1,1,33.37569061
2,2,22.86993007
3,3,11.72740316
4,4,6.352941176
5,5,19.88981869
6,6,76.04413793
7,7,212.0646492
8,8,359.0110041
9,9,219.3094911
10,10,173.6685007
11,11,208.1430536
12,12,253.3159341
13,13,253.6611797
14,14,240.9492455
15,15,251.2331962
16,16,311.9835616
17,17,461.4520548
18,18,425.510989
19,19,311.5233516
20,20,226.0302198
21,21,172.3145604
22,22,131.3351648
23,23,87.83104396
