index,precision,recall,f1-score,support
0,0.87698661,0.943330192,0.908949416,7429
1,0.763217098,0.57991453,0.659057795,2340
accuracy,0.85628007,0.85628007,0.85628007,0.85628007
macro avg,0.820101854,0.761622361,0.784003606,9769
weighted avg,0.849735033,0.85628007,0.849092072,9769
