index,hour,cnt
0,0,53.898072
1,1,33.375691
2,2,22.86993
3,3,11.727403
4,4,6.352941
5,5,19.889819
6,6,76.044138
7,7,212.064649
8,8,359.011004
9,9,219.309491
10,10,173.668501
11,11,208.143054
12,12,253.315934
13,13,253.66118
14,14,240.949246
15,15,251.233196
16,16,311.983562
17,17,461.452055
18,18,425.510989
19,19,311.523352
20,20,226.03022
21,21,172.31456
22,22,131.335165
23,23,87.831044
